,links,classification
0,strkid4061435700150001_pid406143570015_scimref.jpg,0
1,strkid4061435700150002_pid406143570015_scimref.jpg,0
2,strkid4061435700150003_pid406143570015_scimref.jpg,1
3,strkid4061435700150004_pid406143570015_scimref.jpg,1
4,strkid4061435700150005_pid406143570015_scimref.jpg,1
5,strkid4061435700150006_pid406143570015_scimref.jpg,0
6,strkid4061435701150001_pid406143570115_scimref.jpg,0
7,strkid4061435701150002_pid406143570115_scimref.jpg,1
8,strkid4061435701150003_pid406143570115_scimref.jpg,1
9,strkid4061435701150004_pid406143570115_scimref.jpg,0
10,strkid4061435702150001_pid406143570215_scimref.jpg,0
11,strkid4061435702150002_pid406143570215_scimref.jpg,1
12,strkid4061440702150007_pid406144070215_scimref.jpg,0
13,strkid4061440702150008_pid406144070215_scimref.jpg,0
14,strkid4061440702150009_pid406144070215_scimref.jpg,0
15,strkid4061440702150010_pid406144070215_scimref.jpg,0
16,strkid4061440702150011_pid406144070215_scimref.jpg,0
17,strkid4061440703150001_pid406144070315_scimref.jpg,0
18,strkid4061440703150002_pid406144070315_scimref.jpg,0
19,strkid4061440703150003_pid406144070315_scimref.jpg,0
20,strkid4061440703150004_pid406144070315_scimref.jpg,0
21,strkid4061440703150005_pid406144070315_scimref.jpg,0
22,strkid4061440703150006_pid406144070315_scimref.jpg,0
23,strkid4061440704150001_pid406144070415_scimref.jpg,0
24,strkid4061440704150002_pid406144070415_scimref.jpg,1
25,strkid4061440761150002_pid406144076115_scimref.jpg,0
26,strkid4061440761150003_pid406144076115_scimref.jpg,0
27,strkid4061440762150001_pid406144076215_scimref.jpg,0
28,strkid4061440762150002_pid406144076215_scimref.jpg,1
29,strkid4061440762150003_pid406144076215_scimref.jpg,1
30,strkid4061440762150004_pid406144076215_scimref.jpg,1
31,strkid4061440763150001_pid406144076315_scimref.jpg,1
32,strkid4061440763150002_pid406144076315_scimref.jpg,0
33,strkid4061440763150003_pid406144076315_scimref.jpg,0
34,strkid4061440763150004_pid406144076315_scimref.jpg,0
35,strkid4061440763150005_pid406144076315_scimref.jpg,1
36,strkid4061440763150006_pid406144076315_scimref.jpg,0
37,strkid4061440763150007_pid406144076315_scimref.jpg,0
38,strkid4061440763150008_pid406144076315_scimref.jpg,0
39,strkid4061440763150009_pid406144076315_scimref.jpg,0
40,strkid4061440763150010_pid406144076315_scimref.jpg,0
41,strkid4061440763150011_pid406144076315_scimref.jpg,0
42,strkid4061445702150001_pid406144570215_scimref.jpg,0
43,strkid4061445705150001_pid406144570515_scimref.jpg,0
44,strkid4061445707150001_pid406144570715_scimref.jpg,0
45,strkid4061445707150002_pid406144570715_scimref.jpg,1
46,strkid4061445709150001_pid406144570915_scimref.jpg,0
47,strkid4061445709150002_pid406144570915_scimref.jpg,0
48,strkid4061445709150003_pid406144570915_scimref.jpg,1
49,strkid4061445709150004_pid406144570915_scimref.jpg,0
50,strkid4061445709150005_pid406144570915_scimref.jpg,0
51,strkid4061445709150006_pid406144570915_scimref.jpg,0
52,strkid4061445710150001_pid406144571015_scimref.jpg,0
53,strkid4061445710150002_pid406144571015_scimref.jpg,1
54,strkid4061445711150001_pid406144571115_scimref.jpg,0
55,strkid4061445711150002_pid406144571115_scimref.jpg,0
56,strkid4061445711150003_pid406144571115_scimref.jpg,0
57,strkid4061445712150001_pid406144571215_scimref.jpg,0
58,strkid4061445712150002_pid406144571215_scimref.jpg,0
59,strkid4061445712150003_pid406144571215_scimref.jpg,0
60,strkid4061445712150004_pid406144571215_scimref.jpg,0
61,strkid4061445712150005_pid406144571215_scimref.jpg,0
62,strkid4061445712150006_pid406144571215_scimref.jpg,0
63,strkid4061445712150007_pid406144571215_scimref.jpg,0
64,strkid4061445712150008_pid406144571215_scimref.jpg,0
65,strkid4061445712150009_pid406144571215_scimref.jpg,0
66,strkid4061445713150001_pid406144571315_scimref.jpg,1
67,strkid4061450530150004_pid406145053015_scimref.jpg,0
68,strkid4061450530150005_pid406145053015_scimref.jpg,1
69,strkid4061450530150006_pid406145053015_scimref.jpg,0
70,strkid4061450530150007_pid406145053015_scimref.jpg,0
71,strkid4061450530150008_pid406145053015_scimref.jpg,0
72,strkid4061450530150009_pid406145053015_scimref.jpg,1
73,strkid4061450530150010_pid406145053015_scimref.jpg,0
74,strkid4061450530150011_pid406145053015_scimref.jpg,1
75,strkid4061450531150001_pid406145053115_scimref.jpg,0
76,strkid4061450531150002_pid406145053115_scimref.jpg,1
77,strkid4061450531150003_pid406145053115_scimref.jpg,0
78,strkid4061450531150004_pid406145053115_scimref.jpg,0
79,strkid4061450531150005_pid406145053115_scimref.jpg,0
80,strkid4061450531150006_pid406145053115_scimref.jpg,1
81,strkid4061450531150007_pid406145053115_scimref.jpg,0
82,strkid4061450533150001_pid406145053315_scimref.jpg,0
83,strkid4061450533150002_pid406145053315_scimref.jpg,0
84,strkid4061450533150003_pid406145053315_scimref.jpg,0
85,strkid4061450534150001_pid406145053415_scimref.jpg,0
86,strkid4061450534150002_pid406145053415_scimref.jpg,0
87,strkid4061450534150003_pid406145053415_scimref.jpg,0
88,strkid4061450534150004_pid406145053415_scimref.jpg,0
89,strkid4061450535150001_pid406145053515_scimref.jpg,0
90,strkid4061450535150002_pid406145053515_scimref.jpg,0
91,strkid4061450535150003_pid406145053515_scimref.jpg,0
92,strkid4061450535150004_pid406145053515_scimref.jpg,0
93,strkid4061450535150005_pid406145053515_scimref.jpg,0
94,strkid4061450535150006_pid406145053515_scimref.jpg,0
95,strkid4061450536150001_pid406145053615_scimref.jpg,0
96,strkid4061450536150002_pid406145053615_scimref.jpg,1
97,strkid4061450537150001_pid406145053715_scimref.jpg,0
98,strkid4061450537150002_pid406145053715_scimref.jpg,0
99,strkid4061450538150001_pid406145053815_scimref.jpg,1
100,strkid4061450538150002_pid406145053815_scimref.jpg,0
101,strkid4061450538150003_pid406145053815_scimref.jpg,0
102,strkid4061450539150001_pid406145053915_scimref.jpg,0
103,strkid4061450539150002_pid406145053915_scimref.jpg,0
104,strkid4061450539150003_pid406145053915_scimref.jpg,0
105,strkid4061450539150004_pid406145053915_scimref.jpg,0
106,strkid4061450540150001_pid406145054015_scimref.jpg,0
107,strkid4061450541150001_pid406145054115_scimref.jpg,0
108,strkid4061450541150002_pid406145054115_scimref.jpg,0
109,strkid4061450541150003_pid406145054115_scimref.jpg,0
110,strkid4061450542150001_pid406145054215_scimref.jpg,0
111,strkid4061450542150002_pid406145054215_scimref.jpg,0
112,strkid4061450542150003_pid406145054215_scimref.jpg,1
113,strkid4061450542150004_pid406145054215_scimref.jpg,0
114,strkid4061450542150005_pid406145054215_scimref.jpg,0
115,strkid4061450542150006_pid406145054215_scimref.jpg,0
116,strkid4061450543150001_pid406145054315_scimref.jpg,0
117,strkid4061450543150002_pid406145054315_scimref.jpg,0
118,strkid4061450543150003_pid406145054315_scimref.jpg,0
119,strkid4061455524150006_pid406145552415_scimref.jpg,0
120,strkid4061455524150007_pid406145552415_scimref.jpg,0
121,strkid4061455525150001_pid406145552515_scimref.jpg,0
122,strkid4061455525150002_pid406145552515_scimref.jpg,1
123,strkid4061455526150001_pid406145552615_scimref.jpg,1
124,strkid4061455526150002_pid406145552615_scimref.jpg,0
125,strkid4061455526150003_pid406145552615_scimref.jpg,0
126,strkid4061455526150004_pid406145552615_scimref.jpg,0
127,strkid4061455526150005_pid406145552615_scimref.jpg,0
128,strkid4061455529150001_pid406145552915_scimref.jpg,0
129,strkid4061455529150002_pid406145552915_scimref.jpg,0
130,strkid4061455529150003_pid406145552915_scimref.jpg,0
131,strkid4061455530150001_pid406145553015_scimref.jpg,0
132,strkid4061455530150002_pid406145553015_scimref.jpg,0
133,strkid4061455531150001_pid406145553115_scimref.jpg,1
134,strkid4061455531150002_pid406145553115_scimref.jpg,0
135,strkid4061455532150001_pid406145553215_scimref.jpg,0
136,strkid4061455533150001_pid406145553315_scimref.jpg,0
137,strkid4061455534150001_pid406145553415_scimref.jpg,1
138,strkid4061455535150001_pid406145553515_scimref.jpg,0
139,strkid4061455536150001_pid406145553615_scimref.jpg,0
140,strkid4061455536150002_pid406145553615_scimref.jpg,0
141,strkid4061455536150003_pid406145553615_scimref.jpg,0
142,strkid4061455536150004_pid406145553615_scimref.jpg,0
143,strkid4061455536150005_pid406145553615_scimref.jpg,0
144,strkid4061455537150001_pid406145553715_scimref.jpg,0
145,strkid4061455537150002_pid406145553715_scimref.jpg,0
146,strkid4061455537150003_pid406145553715_scimref.jpg,0
147,strkid4061455537150004_pid406145553715_scimref.jpg,0
148,strkid4061455537150005_pid406145553715_scimref.jpg,0
149,strkid4061455538150001_pid406145553815_scimref.jpg,0
150,strkid4061455538150002_pid406145553815_scimref.jpg,1
151,strkid4061455539150001_pid406145553915_scimref.jpg,1
152,strkid4061455539150002_pid406145553915_scimref.jpg,0
153,strkid4061455539150003_pid406145553915_scimref.jpg,0
154,strkid4061455539150004_pid406145553915_scimref.jpg,0
155,strkid4061455539150005_pid406145553915_scimref.jpg,0
156,strkid4061455539150006_pid406145553915_scimref.jpg,0
157,strkid4061455539150007_pid406145553915_scimref.jpg,0
158,strkid4061455539150008_pid406145553915_scimref.jpg,0
159,strkid4061455539150009_pid406145553915_scimref.jpg,0
160,strkid4061455539150010_pid406145553915_scimref.jpg,0
161,strkid4061455540150001_pid406145554015_scimref.jpg,0
162,strkid4061455540150002_pid406145554015_scimref.jpg,0
163,strkid4061455540150003_pid406145554015_scimref.jpg,0
164,strkid4061455540150004_pid406145554015_scimref.jpg,0
165,strkid4061455541150001_pid406145554115_scimref.jpg,0
166,strkid4061455541150002_pid406145554115_scimref.jpg,0
167,strkid4061455542150001_pid406145554215_scimref.jpg,0
168,strkid4061455559150003_pid406145555915_scimref.jpg,0
169,strkid4061455559150004_pid406145555915_scimref.jpg,0
170,strkid4061455560150001_pid406145556015_scimref.jpg,1
171,strkid4061455561150001_pid406145556115_scimref.jpg,0
172,strkid4061455561150002_pid406145556115_scimref.jpg,0
173,strkid4061455562150001_pid406145556215_scimref.jpg,0
174,strkid4061455563150001_pid406145556315_scimref.jpg,0
175,strkid4061460800150001_pid406146080015_scimref.jpg,1
176,strkid4061460800150002_pid406146080015_scimref.jpg,1
177,strkid4065370622150003_pid406537062215_scimref.jpg,0
178,strkid4065370623150001_pid406537062315_scimref.jpg,0
179,strkid4065370625150001_pid406537062515_scimref.jpg,1
180,strkid4065370627150001_pid406537062715_scimref.jpg,0
181,strkid4065370628150001_pid406537062815_scimref.jpg,1
182,strkid4065370628150002_pid406537062815_scimref.jpg,1
183,strkid4065370628150003_pid406537062815_scimref.jpg,1
184,strkid4065370628150004_pid406537062815_scimref.jpg,1
185,strkid4065370628150005_pid406537062815_scimref.jpg,1
186,strkid4065370628150006_pid406537062815_scimref.jpg,1
187,strkid4065370629150001_pid406537062915_scimref.jpg,1
188,strkid4065370634150001_pid406537063415_scimref.jpg,0
189,strkid4065370639150001_pid406537063915_scimref.jpg,0
190,strkid4065370643150001_pid406537064315_scimref.jpg,1
191,strkid4065370651150001_pid406537065115_scimref.jpg,0
192,strkid4065370652150001_pid406537065215_scimref.jpg,1
193,strkid4065370652150002_pid406537065215_scimref.jpg,0
194,strkid4065370654150001_pid406537065415_scimref.jpg,0
195,strkid4065370654150002_pid406537065415_scimref.jpg,0
196,strkid4065370657150001_pid406537065715_scimref.jpg,0
197,strkid4065370659150001_pid406537065915_scimref.jpg,1
198,strkid4065370660150001_pid406537066015_scimref.jpg,1
199,strkid4065370660150002_pid406537066015_scimref.jpg,0
200,strkid4361476100150002_pid436147610015_scimref.jpg,0
201,strkid4361476101150001_pid436147610115_scimref.jpg,0
202,strkid4361476103150002_pid436147610315_scimref.jpg,0
203,strkid4361476103150003_pid436147610315_scimref.jpg,0
204,strkid4361476105150001_pid436147610515_scimref.jpg,0
205,strkid4361476105150002_pid436147610515_scimref.jpg,0
206,strkid4361476105150003_pid436147610515_scimref.jpg,0
207,strkid4361476105150004_pid436147610515_scimref.jpg,1
208,strkid4361476109150001_pid436147610915_scimref.jpg,1
209,strkid4361476112150001_pid436147611215_scimref.jpg,1
210,strkid4361476112150004_pid436147611215_scimref.jpg,0
211,strkid4361476114150001_pid436147611415_scimref.jpg,0
212,strkid4361476114150002_pid436147611415_scimref.jpg,0
213,strkid4361476116150001_pid436147611615_scimref.jpg,0
214,strkid4361476116150002_pid436147611615_scimref.jpg,1
215,strkid4361476117150002_pid436147611715_scimref.jpg,0
216,strkid4361476117150003_pid436147611715_scimref.jpg,0
217,strkid4361476123150001_pid436147612315_scimref.jpg,1
218,strkid4361476123150002_pid436147612315_scimref.jpg,0
219,strkid4361476124150001_pid436147612415_scimref.jpg,1
220,strkid4361476124150002_pid436147612415_scimref.jpg,0
221,strkid4361476124150003_pid436147612415_scimref.jpg,0
222,strkid4361476124150004_pid436147612415_scimref.jpg,0
223,strkid4361476126150001_pid436147612615_scimref.jpg,1
224,strkid4361476134150002_pid436147613415_scimref.jpg,0
225,strkid4361476135150001_pid436147613515_scimref.jpg,0
226,strkid4361476136150001_pid436147613615_scimref.jpg,0
227,strkid4361476138150001_pid436147613815_scimref.jpg,1
228,strkid4361476141150001_pid436147614115_scimref.jpg,1
229,strkid4361476146150001_pid436147614615_scimref.jpg,1
230,strkid4361476146150002_pid436147614615_scimref.jpg,0
231,strkid4361476146150003_pid436147614615_scimref.jpg,0
232,strkid4361476146150004_pid436147614615_scimref.jpg,0
233,strkid4361476146150005_pid436147614615_scimref.jpg,0
234,strkid4361476149150001_pid436147614915_scimref.jpg,0
235,strkid4361476149150002_pid436147614915_scimref.jpg,0
236,strkid4361476149150003_pid436147614915_scimref.jpg,0
237,strkid4361476149150004_pid436147614915_scimref.jpg,1
238,strkid4361476149150005_pid436147614915_scimref.jpg,1
239,strkid4361476149150007_pid436147614915_scimref.jpg,1
240,strkid4361476149150008_pid436147614915_scimref.jpg,1
241,strkid4361476150150003_pid436147615015_scimref.jpg,1
242,strkid4361476150150004_pid436147615015_scimref.jpg,1
243,strkid4361476150150007_pid436147615015_scimref.jpg,0
244,strkid4361476150150009_pid436147615015_scimref.jpg,1
245,strkid4361476154150002_pid436147615415_scimref.jpg,0
246,strkid4361476158150001_pid436147615815_scimref.jpg,0
247,strkid4361476159150001_pid436147615915_scimref.jpg,1
248,strkid4361476159150002_pid436147615915_scimref.jpg,0
249,strkid4361476159150003_pid436147615915_scimref.jpg,0
250,strkid4361476162150001_pid436147616215_scimref.jpg,0
251,strkid4361476162150002_pid436147616215_scimref.jpg,0
252,strkid4361476162150003_pid436147616215_scimref.jpg,0
253,strkid4361476163150001_pid436147616315_scimref.jpg,0
254,strkid4361480600150002_pid436148060015_scimref.jpg,0
255,strkid4361480602150001_pid436148060215_scimref.jpg,0
256,strkid4361480602150003_pid436148060215_scimref.jpg,1
257,strkid4361480603150001_pid436148060315_scimref.jpg,0
258,strkid4361480605150003_pid436148060515_scimref.jpg,1
259,strkid4361480605150004_pid436148060515_scimref.jpg,1
260,strkid4361480607150001_pid436148060715_scimref.jpg,1
261,strkid4361480607150002_pid436148060715_scimref.jpg,0
262,strkid4361480607150003_pid436148060715_scimref.jpg,0
263,strkid4361480607150005_pid436148060715_scimref.jpg,0
264,strkid4361480610150001_pid436148061015_scimref.jpg,1
265,strkid4361480610150002_pid436148061015_scimref.jpg,1
266,strkid4361480610150003_pid436148061015_scimref.jpg,1
267,strkid4361480610150004_pid436148061015_scimref.jpg,1
268,strkid4361480610150005_pid436148061015_scimref.jpg,1
269,strkid4361480611150001_pid436148061115_scimref.jpg,0
270,strkid4361480615150001_pid436148061515_scimref.jpg,1
271,strkid4361480618150002_pid436148061815_scimref.jpg,0
272,strkid4361480620150002_pid436148062015_scimref.jpg,1
273,strkid4361480620150003_pid436148062015_scimref.jpg,0
274,strkid4361480620150004_pid436148062015_scimref.jpg,0
275,strkid4361480620150005_pid436148062015_scimref.jpg,0
276,strkid4361480620150006_pid436148062015_scimref.jpg,0
277,strkid4361480621150001_pid436148062115_scimref.jpg,0
278,strkid4361480621150002_pid436148062115_scimref.jpg,0
279,strkid4361480621150003_pid436148062115_scimref.jpg,0
280,strkid4361480621150008_pid436148062115_scimref.jpg,0
281,strkid4361480621150009_pid436148062115_scimref.jpg,0
282,strkid4361480621150010_pid436148062115_scimref.jpg,0
283,strkid4361480621150011_pid436148062115_scimref.jpg,0
284,strkid4361480621150013_pid436148062115_scimref.jpg,0
285,strkid4361480621150014_pid436148062115_scimref.jpg,0
286,strkid4361480621150015_pid436148062115_scimref.jpg,0
287,strkid4361480621150017_pid436148062115_scimref.jpg,0
288,strkid4361480621150018_pid436148062115_scimref.jpg,0
289,strkid4361480621150019_pid436148062115_scimref.jpg,0
290,strkid4361480622150001_pid436148062215_scimref.jpg,0
291,strkid4361480624150001_pid436148062415_scimref.jpg,0
292,strkid4361480624150002_pid436148062415_scimref.jpg,1
293,strkid4361480624150004_pid436148062415_scimref.jpg,0
294,strkid4361480625150001_pid436148062515_scimref.jpg,0
295,strkid4361480625150002_pid436148062515_scimref.jpg,0
296,strkid4361480628150001_pid436148062815_scimref.jpg,1
297,strkid4361480629150001_pid436148062915_scimref.jpg,1
298,strkid4361480629150002_pid436148062915_scimref.jpg,0
299,strkid4361480630150001_pid436148063015_scimref.jpg,0
300,strkid4361480630150002_pid436148063015_scimref.jpg,0
301,strkid4361480634150001_pid436148063415_scimref.jpg,0
302,strkid4361480634150002_pid436148063415_scimref.jpg,0
303,strkid4361480634150003_pid436148063415_scimref.jpg,0
304,strkid4361480634150006_pid436148063415_scimref.jpg,0
305,strkid4361480634150007_pid436148063415_scimref.jpg,0
306,strkid4361480634150010_pid436148063415_scimref.jpg,0
307,strkid4361480634150011_pid436148063415_scimref.jpg,0
308,strkid4361480634150012_pid436148063415_scimref.jpg,0
309,strkid4361480634150013_pid436148063415_scimref.jpg,0
310,strkid4361480634150014_pid436148063415_scimref.jpg,0
311,strkid4361480635150003_pid436148063515_scimref.jpg,0
312,strkid4361480636150002_pid436148063615_scimref.jpg,0
313,strkid4361480636150005_pid436148063615_scimref.jpg,0
314,strkid4361480636150006_pid436148063615_scimref.jpg,0
315,strkid4361480636150011_pid436148063615_scimref.jpg,0
316,strkid4361480637150001_pid436148063715_scimref.jpg,0
317,strkid4361480637150002_pid436148063715_scimref.jpg,0
318,strkid4361480637150003_pid436148063715_scimref.jpg,0
319,strkid4361480637150006_pid436148063715_scimref.jpg,0
320,strkid4361480637150007_pid436148063715_scimref.jpg,0
321,strkid4361480638150001_pid436148063815_scimref.jpg,0
322,strkid4361480638150002_pid436148063815_scimref.jpg,0
323,strkid4361480638150003_pid436148063815_scimref.jpg,1
324,strkid4361480638150006_pid436148063815_scimref.jpg,0
325,strkid4361480640150001_pid436148064015_scimref.jpg,1
326,strkid4361480641150002_pid436148064115_scimref.jpg,0
327,strkid4361480642150001_pid436148064215_scimref.jpg,0
328,strkid4361480643150001_pid436148064315_scimref.jpg,0
329,strkid4361480643150004_pid436148064315_scimref.jpg,0
330,strkid4361480643150005_pid436148064315_scimref.jpg,0
331,strkid4361480646150002_pid436148064615_scimref.jpg,0
332,strkid4361480646150003_pid436148064615_scimref.jpg,0
333,strkid4361480647150002_pid436148064715_scimref.jpg,0
334,strkid4361480647150003_pid436148064715_scimref.jpg,0
335,strkid4361480649150002_pid436148064915_scimref.jpg,1
336,strkid4361480649150003_pid436148064915_scimref.jpg,1
337,strkid4361480649150004_pid436148064915_scimref.jpg,1
338,strkid4361480649150005_pid436148064915_scimref.jpg,1
339,strkid4361480649150008_pid436148064915_scimref.jpg,1
340,strkid4361480649150013_pid436148064915_scimref.jpg,0
341,strkid4361480650150001_pid436148065015_scimref.jpg,0
342,strkid4361480651150001_pid436148065115_scimref.jpg,1
343,strkid4361480653150001_pid436148065315_scimref.jpg,1
344,strkid4361485400150001_pid436148540015_scimref.jpg,1
345,strkid4361485403150002_pid436148540315_scimref.jpg,0
346,strkid4361485403150003_pid436148540315_scimref.jpg,0
347,strkid4361485410150001_pid436148541015_scimref.jpg,1
348,strkid4361485410150003_pid436148541015_scimref.jpg,0
349,strkid4361485411150001_pid436148541115_scimref.jpg,0
350,strkid4361485413150001_pid436148541315_scimref.jpg,0
351,strkid4361485414150001_pid436148541415_scimref.jpg,0
352,strkid4361485416150001_pid436148541615_scimref.jpg,0
353,strkid4361485416150002_pid436148541615_scimref.jpg,0
354,strkid4361485418150001_pid436148541815_scimref.jpg,0
355,strkid4361485418150003_pid436148541815_scimref.jpg,0
356,strkid4361485418150004_pid436148541815_scimref.jpg,1
357,strkid4361485419150001_pid436148541915_scimref.jpg,0
358,strkid4361485419150002_pid436148541915_scimref.jpg,0
359,strkid4361485421150001_pid436148542115_scimref.jpg,0
360,strkid4361485424150001_pid436148542415_scimref.jpg,1
361,strkid4361485424150004_pid436148542415_scimref.jpg,1
362,strkid4361485424150006_pid436148542415_scimref.jpg,1
363,strkid4361485431150001_pid436148543115_scimref.jpg,1
364,strkid4361485431150003_pid436148543115_scimref.jpg,1
365,strkid4361485431150005_pid436148543115_scimref.jpg,1
366,strkid4361485431150006_pid436148543115_scimref.jpg,1
367,strkid4361485431150007_pid436148543115_scimref.jpg,1
368,strkid4361485431150008_pid436148543115_scimref.jpg,1
369,strkid4361485431150009_pid436148543115_scimref.jpg,1
370,strkid4361485431150010_pid436148543115_scimref.jpg,1
371,strkid4361485431150012_pid436148543115_scimref.jpg,1
372,strkid4361485431150013_pid436148543115_scimref.jpg,1
373,strkid4361485432150001_pid436148543215_scimref.jpg,0
374,strkid4361485432150002_pid436148543215_scimref.jpg,1
375,strkid4361485432150003_pid436148543215_scimref.jpg,1
376,strkid4361485433150003_pid436148543315_scimref.jpg,1
377,strkid4361485433150004_pid436148543315_scimref.jpg,0
378,strkid4361485433150005_pid436148543315_scimref.jpg,0
379,strkid4361485434150001_pid436148543415_scimref.jpg,0
380,strkid4361485434150002_pid436148543415_scimref.jpg,1
381,strkid4361485436150001_pid436148543615_scimref.jpg,0
382,strkid4361485439150001_pid436148543915_scimref.jpg,0
383,strkid4361485439150002_pid436148543915_scimref.jpg,0
384,strkid4361485444150004_pid436148544415_scimref.jpg,1
385,strkid4361485444150006_pid436148544415_scimref.jpg,1
386,strkid4361485445150001_pid436148544515_scimref.jpg,0
387,strkid4361485446150001_pid436148544615_scimref.jpg,1
388,strkid4361485446150003_pid436148544615_scimref.jpg,0
389,strkid4361485446150004_pid436148544615_scimref.jpg,0
390,strkid4361485448150001_pid436148544815_scimref.jpg,0
391,strkid4361485448150002_pid436148544815_scimref.jpg,0
392,strkid4361485450150001_pid436148545015_scimref.jpg,1
393,strkid4361485454150001_pid436148545415_scimref.jpg,1
394,strkid4361485459150001_pid436148545915_scimref.jpg,0
395,strkid4361485459150002_pid436148545915_scimref.jpg,0
396,strkid4361485462150001_pid436148546215_scimref.jpg,1
397,strkid4361490001150001_pid436149000115_scimref.jpg,0
398,strkid4361490001150002_pid436149000115_scimref.jpg,0
399,strkid4361490001150003_pid436149000115_scimref.jpg,0
400,strkid4361490002150001_pid436149000215_scimref.jpg,0
401,strkid4361490002150002_pid436149000215_scimref.jpg,0
402,strkid4361490003150001_pid436149000315_scimref.jpg,0
403,strkid4361490003150002_pid436149000315_scimref.jpg,0
404,strkid4361490006150002_pid436149000615_scimref.jpg,1
405,strkid4361490006150003_pid436149000615_scimref.jpg,1
406,strkid4361490007150001_pid436149000715_scimref.jpg,0
407,strkid4361490008150001_pid436149000815_scimref.jpg,1
408,strkid4361490009150001_pid436149000915_scimref.jpg,0
409,strkid4361490009150002_pid436149000915_scimref.jpg,1
410,strkid4361490013150001_pid436149001315_scimref.jpg,0
411,strkid4361490014150001_pid436149001415_scimref.jpg,1
412,strkid4361490016150001_pid436149001615_scimref.jpg,0
413,strkid4361490016150002_pid436149001615_scimref.jpg,0
414,strkid4361490017150001_pid436149001715_scimref.jpg,0
415,strkid4361490018150001_pid436149001815_scimref.jpg,0
416,strkid4361490018150002_pid436149001815_scimref.jpg,0
417,strkid4361490019150001_pid436149001915_scimref.jpg,0
418,strkid4361490020150001_pid436149002015_scimref.jpg,1
419,strkid4361490028150002_pid436149002815_scimref.jpg,0
420,strkid4361490029150002_pid436149002915_scimref.jpg,0
421,strkid4361490029150004_pid436149002915_scimref.jpg,0
422,strkid4361490029150005_pid436149002915_scimref.jpg,0
423,strkid4361490032150003_pid436149003215_scimref.jpg,0
424,strkid4361490033150002_pid436149003315_scimref.jpg,1
425,strkid4361490033150003_pid436149003315_scimref.jpg,1
426,strkid4361490033150004_pid436149003315_scimref.jpg,0
427,strkid4361490033150005_pid436149003315_scimref.jpg,1
428,strkid4361490034150001_pid436149003415_scimref.jpg,1
429,strkid4361490034150002_pid436149003415_scimref.jpg,0
430,strkid4361490035150001_pid436149003515_scimref.jpg,0
431,strkid4361490035150002_pid436149003515_scimref.jpg,0
432,strkid4361490035150003_pid436149003515_scimref.jpg,0
433,strkid4361490035150004_pid436149003515_scimref.jpg,0
434,strkid4361490036150001_pid436149003615_scimref.jpg,1
435,strkid4361490037150001_pid436149003715_scimref.jpg,0
436,strkid4361490037150003_pid436149003715_scimref.jpg,0
437,strkid4361490037150006_pid436149003715_scimref.jpg,0
438,strkid4361490037150009_pid436149003715_scimref.jpg,0
439,strkid4361490038150001_pid436149003815_scimref.jpg,1
440,strkid4361490039150001_pid436149003915_scimref.jpg,0
441,strkid4361490042150001_pid436149004215_scimref.jpg,0
442,strkid4361490042150003_pid436149004215_scimref.jpg,0
443,strkid4361490042150004_pid436149004215_scimref.jpg,0
444,strkid4361490043150001_pid436149004315_scimref.jpg,0
445,strkid4361490043150002_pid436149004315_scimref.jpg,0
446,strkid4361490044150001_pid436149004415_scimref.jpg,0
447,strkid4361490046150001_pid436149004615_scimref.jpg,0
448,strkid4361490048150001_pid436149004815_scimref.jpg,1
449,strkid4361490048150002_pid436149004815_scimref.jpg,1
450,strkid4361490055150001_pid436149005515_scimref.jpg,0
451,strkid4361490055150003_pid436149005515_scimref.jpg,0
452,strkid4361490055150005_pid436149005515_scimref.jpg,0
453,strkid4361490055150006_pid436149005515_scimref.jpg,0
454,strkid4361490060150001_pid436149006015_scimref.jpg,1
455,strkid4361490061150001_pid436149006115_scimref.jpg,0
456,strkid4361494500150001_pid436149450015_scimref.jpg,0
457,strkid4361494500150002_pid436149450015_scimref.jpg,1
458,strkid4361494502150001_pid436149450215_scimref.jpg,0
459,strkid4361494502150002_pid436149450215_scimref.jpg,0
460,strkid4361494503150001_pid436149450315_scimref.jpg,0
461,strkid4361494505150001_pid436149450515_scimref.jpg,1
462,strkid4361494507150002_pid436149450715_scimref.jpg,0
463,strkid4361494509150001_pid436149450915_scimref.jpg,1
464,strkid4361494511150001_pid436149451115_scimref.jpg,1
465,strkid4361494514150001_pid436149451415_scimref.jpg,1
466,strkid4361494514150002_pid436149451415_scimref.jpg,0
467,strkid4361494514150004_pid436149451415_scimref.jpg,1
468,strkid4361494514150006_pid436149451415_scimref.jpg,0
469,strkid4361494516150001_pid436149451615_scimref.jpg,0
470,strkid4361494517150002_pid436149451715_scimref.jpg,1
471,strkid4361494517150003_pid436149451715_scimref.jpg,1
472,strkid4361494517150004_pid436149451715_scimref.jpg,0
473,strkid4361494517150005_pid436149451715_scimref.jpg,1
474,strkid4361494517150008_pid436149451715_scimref.jpg,1
475,strkid4361494517150009_pid436149451715_scimref.jpg,1
476,strkid4361494517150010_pid436149451715_scimref.jpg,1
477,strkid4361494519150001_pid436149451915_scimref.jpg,0
478,strkid4361494523150001_pid436149452315_scimref.jpg,0
479,strkid4361494527150002_pid436149452715_scimref.jpg,0
480,strkid4361494529150001_pid436149452915_scimref.jpg,0
481,strkid4361494532150001_pid436149453215_scimref.jpg,0
482,strkid4361494532150006_pid436149453215_scimref.jpg,1
483,strkid4361494532150010_pid436149453215_scimref.jpg,0
484,strkid4361494533150001_pid436149453315_scimref.jpg,1
485,strkid4361494534150001_pid436149453415_scimref.jpg,0
486,strkid4361494536150001_pid436149453615_scimref.jpg,0
487,strkid4361494536150003_pid436149453615_scimref.jpg,0
488,strkid4361494536150004_pid436149453615_scimref.jpg,0
489,strkid4361494538150001_pid436149453815_scimref.jpg,0
490,strkid4361494542150001_pid436149454215_scimref.jpg,0
491,strkid4361494545150001_pid436149454515_scimref.jpg,1
492,strkid4361494546150001_pid436149454615_scimref.jpg,0
493,strkid4361494548150001_pid436149454815_scimref.jpg,1
494,strkid4361494550150001_pid436149455015_scimref.jpg,1
495,strkid4361494550150002_pid436149455015_scimref.jpg,0
496,strkid4361494550150003_pid436149455015_scimref.jpg,0
497,strkid4361494551150001_pid436149455115_scimref.jpg,0
498,strkid4361494551150002_pid436149455115_scimref.jpg,1
499,strkid4361494553150001_pid436149455315_scimref.jpg,0
500,strkid4361494554150001_pid436149455415_scimref.jpg,0
501,strkid4361494554150002_pid436149455415_scimref.jpg,0
502,strkid4361494559150001_pid436149455915_scimref.jpg,0
503,strkid4361494562150001_pid436149456215_scimref.jpg,1
504,strkid4361494562150002_pid436149456215_scimref.jpg,1
505,strkid4361494562150003_pid436149456215_scimref.jpg,1
506,strkid4361494562150004_pid436149456215_scimref.jpg,0
507,strkid4361494563150003_pid436149456315_scimref.jpg,1
508,strkid4361494563150004_pid436149456315_scimref.jpg,0
509,strkid4361494563150005_pid436149456315_scimref.jpg,1
510,strkid4361494563150006_pid436149456315_scimref.jpg,1
511,strkid4361499101150002_pid436149910115_scimref.jpg,0
512,strkid4361499102150002_pid436149910215_scimref.jpg,0
513,strkid4361499102150003_pid436149910215_scimref.jpg,0
514,strkid4361499102150004_pid436149910215_scimref.jpg,1
515,strkid4361499103150001_pid436149910315_scimref.jpg,0
516,strkid4361499104150001_pid436149910415_scimref.jpg,1
517,strkid4361499106150001_pid436149910615_scimref.jpg,1
518,strkid4361499106150002_pid436149910615_scimref.jpg,0
519,strkid4361499110150001_pid436149911015_scimref.jpg,1
520,strkid4361499114150001_pid436149911415_scimref.jpg,0
521,strkid4361499118150001_pid436149911815_scimref.jpg,0
522,strkid4361499118150002_pid436149911815_scimref.jpg,0
523,strkid4361499118150003_pid436149911815_scimref.jpg,0
524,strkid4361499118150004_pid436149911815_scimref.jpg,0
525,strkid4361499119150001_pid436149911915_scimref.jpg,0
526,strkid4361499123150001_pid436149912315_scimref.jpg,0
527,strkid4361499124150001_pid436149912415_scimref.jpg,0
528,strkid4361499125150001_pid436149912515_scimref.jpg,0
529,strkid4361499128150001_pid436149912815_scimref.jpg,0
530,strkid4361499131150001_pid436149913115_scimref.jpg,0
531,strkid4361499138150003_pid436149913815_scimref.jpg,0
532,strkid4361499138150004_pid436149913815_scimref.jpg,0
533,strkid4361499144150001_pid436149914415_scimref.jpg,1
534,strkid4361499153150002_pid436149915315_scimref.jpg,0
535,strkid4361499154150001_pid436149915415_scimref.jpg,0
536,strkid4361499159150001_pid436149915915_scimref.jpg,1
537,strkid4361499161150001_pid436149916115_scimref.jpg,0
538,strkid4361499162150004_pid436149916215_scimref.jpg,0
539,strkid4361499162150005_pid436149916215_scimref.jpg,0
540,strkid4361499162150006_pid436149916215_scimref.jpg,1
541,strkid4361499162150009_pid436149916215_scimref.jpg,0
542,strkid4361499163150001_pid436149916315_scimref.jpg,0
543,strkid4361503702150001_pid436150370215_scimref.jpg,1
544,strkid4361503702150006_pid436150370215_scimref.jpg,1
545,strkid4361503702150007_pid436150370215_scimref.jpg,1
546,strkid4361503702150008_pid436150370215_scimref.jpg,1
547,strkid4361503702150010_pid436150370215_scimref.jpg,1
548,strkid4361503702150011_pid436150370215_scimref.jpg,1
549,strkid4361503702150015_pid436150370215_scimref.jpg,1
550,strkid4361503702150016_pid436150370215_scimref.jpg,1
551,strkid4361503703150001_pid436150370315_scimref.jpg,0
552,strkid4361503703150002_pid436150370315_scimref.jpg,0
553,strkid4361503703150004_pid436150370315_scimref.jpg,0
554,strkid4361503704150001_pid436150370415_scimref.jpg,0
555,strkid4361503704150002_pid436150370415_scimref.jpg,1
556,strkid4361503705150001_pid436150370515_scimref.jpg,0
557,strkid4361503712150001_pid436150371215_scimref.jpg,1
558,strkid4361503712150002_pid436150371215_scimref.jpg,1
559,strkid4361503712150003_pid436150371215_scimref.jpg,1
560,strkid4361503714150001_pid436150371415_scimref.jpg,1
561,strkid4361503715150002_pid436150371515_scimref.jpg,0
562,strkid4361503721150002_pid436150372115_scimref.jpg,0
563,strkid4361503723150001_pid436150372315_scimref.jpg,0
564,strkid4361503724150001_pid436150372415_scimref.jpg,1
565,strkid4361503724150002_pid436150372415_scimref.jpg,1
566,strkid4361503732150001_pid436150373215_scimref.jpg,0
567,strkid4361503732150002_pid436150373215_scimref.jpg,1
568,strkid4361503732150003_pid436150373215_scimref.jpg,1
569,strkid4361503736150001_pid436150373615_scimref.jpg,0
570,strkid4361503736150002_pid436150373615_scimref.jpg,0
571,strkid4361503737150001_pid436150373715_scimref.jpg,0
572,strkid4361503737150003_pid436150373715_scimref.jpg,1
573,strkid4361503745150001_pid436150374515_scimref.jpg,1
574,strkid4361503746150001_pid436150374615_scimref.jpg,0
575,strkid4361503746150003_pid436150374615_scimref.jpg,0
576,strkid4361503746150004_pid436150374615_scimref.jpg,0
577,strkid4361503746150005_pid436150374615_scimref.jpg,0
578,strkid4361503750150002_pid436150375015_scimref.jpg,1
579,strkid4361503750150004_pid436150375015_scimref.jpg,1
580,strkid4361503752150001_pid436150375215_scimref.jpg,0
581,strkid4361503757150001_pid436150375715_scimref.jpg,0
582,strkid4361503762150001_pid436150376215_scimref.jpg,0
583,strkid4361503762150002_pid436150376215_scimref.jpg,0
584,strkid4361503763150001_pid436150376315_scimref.jpg,0
585,strkid4361508500150001_pid436150850015_scimref.jpg,0
586,strkid4361508500150002_pid436150850015_scimref.jpg,0
587,strkid4361508500150006_pid436150850015_scimref.jpg,1
588,strkid4361508500150007_pid436150850015_scimref.jpg,0
589,strkid4361508501150001_pid436150850115_scimref.jpg,0
590,strkid4361508503150002_pid436150850315_scimref.jpg,1
591,strkid4361508503150003_pid436150850315_scimref.jpg,0
592,strkid4361508503150005_pid436150850315_scimref.jpg,0
593,strkid4361508512150001_pid436150851215_scimref.jpg,0
594,strkid4361508512150002_pid436150851215_scimref.jpg,0
595,strkid4361508515150001_pid436150851515_scimref.jpg,1
596,strkid4361508517150001_pid436150851715_scimref.jpg,1
597,strkid4361508518150001_pid436150851815_scimref.jpg,0
598,strkid4361508524150001_pid436150852415_scimref.jpg,0
599,strkid4361508524150002_pid436150852415_scimref.jpg,0
600,strkid4361508524150003_pid436150852415_scimref.jpg,0
601,strkid4361508528150003_pid436150852815_scimref.jpg,0
602,strkid4361508529150001_pid436150852915_scimref.jpg,0
603,strkid4361508530150002_pid436150853015_scimref.jpg,0
604,strkid4361508533150002_pid436150853315_scimref.jpg,1
605,strkid4361508533150003_pid436150853315_scimref.jpg,1
606,strkid4361508535150001_pid436150853515_scimref.jpg,0
607,strkid4361513000150001_pid436151300015_scimref.jpg,0
608,strkid4361513001150002_pid436151300115_scimref.jpg,0
609,strkid4361513016150001_pid436151301615_scimref.jpg,0
610,strkid4361513017150002_pid436151301715_scimref.jpg,0
611,strkid4361513018150003_pid436151301815_scimref.jpg,0
612,strkid4361513019150001_pid436151301915_scimref.jpg,1
613,strkid4361513020150001_pid436151302015_scimref.jpg,0
614,strkid4361513025150001_pid436151302515_scimref.jpg,0
615,strkid4361513030150001_pid436151303015_scimref.jpg,0
616,strkid4361513032150001_pid436151303215_scimref.jpg,1
617,strkid4361513034150001_pid436151303415_scimref.jpg,1
618,strkid4361513035150001_pid436151303515_scimref.jpg,1
619,strkid4361513036150001_pid436151303615_scimref.jpg,0
620,strkid4361513037150001_pid436151303715_scimref.jpg,0
621,strkid4361513040150002_pid436151304015_scimref.jpg,0
622,strkid4361513042150001_pid436151304215_scimref.jpg,1
623,strkid4361513053150002_pid436151305315_scimref.jpg,0
624,strkid4361513054150001_pid436151305415_scimref.jpg,0
625,strkid4361513055150001_pid436151305515_scimref.jpg,0
626,strkid4361513055150002_pid436151305515_scimref.jpg,1
627,strkid4361513057150001_pid436151305715_scimref.jpg,0
628,strkid4361513058150001_pid436151305815_scimref.jpg,1
629,strkid4361513058150002_pid436151305815_scimref.jpg,1
630,strkid4361513062150001_pid436151306215_scimref.jpg,0
631,strkid4361517501150001_pid436151750115_scimref.jpg,1
632,strkid4361517503150001_pid436151750315_scimref.jpg,0
633,strkid4361517505150001_pid436151750515_scimref.jpg,1
634,strkid4361517508150001_pid436151750815_scimref.jpg,0
635,strkid4361517511150001_pid436151751115_scimref.jpg,1
636,strkid4361517516150002_pid436151751615_scimref.jpg,0
637,strkid4361517518150002_pid436151751815_scimref.jpg,1
638,strkid4361517518150005_pid436151751815_scimref.jpg,1
639,strkid4361517529150001_pid436151752915_scimref.jpg,0
640,strkid4361517529150003_pid436151752915_scimref.jpg,0
641,strkid4361517530150001_pid436151753015_scimref.jpg,1
642,strkid4361517532150001_pid436151753215_scimref.jpg,1
643,strkid4361517532150002_pid436151753215_scimref.jpg,1
644,strkid4361517533150001_pid436151753315_scimref.jpg,1
645,strkid4361517535150001_pid436151753515_scimref.jpg,1
646,strkid4361517535150002_pid436151753515_scimref.jpg,1
647,strkid4361517539150001_pid436151753915_scimref.jpg,0
648,strkid4361517542150001_pid436151754215_scimref.jpg,0
649,strkid4361517543150001_pid436151754315_scimref.jpg,1
650,strkid4361517543150003_pid436151754315_scimref.jpg,1
651,strkid4361517545150001_pid436151754515_scimref.jpg,0
652,strkid4361517547150001_pid436151754715_scimref.jpg,0
653,strkid4361517547150002_pid436151754715_scimref.jpg,0
654,strkid4361517549150001_pid436151754915_scimref.jpg,0
655,strkid4361517550150001_pid436151755015_scimref.jpg,0
656,strkid4361517550150003_pid436151755015_scimref.jpg,0
657,strkid4361517554150001_pid436151755415_scimref.jpg,0
658,strkid4361522201150001_pid436152220115_scimref.jpg,1
659,strkid4361522201150002_pid436152220115_scimref.jpg,1
660,strkid4361522214150001_pid436152221415_scimref.jpg,0
661,strkid4361522214150004_pid436152221415_scimref.jpg,0
662,strkid4361522214150005_pid436152221415_scimref.jpg,0
663,strkid4361522214150006_pid436152221415_scimref.jpg,0
664,strkid4361522215150001_pid436152221515_scimref.jpg,0
665,strkid4361522216150002_pid436152221615_scimref.jpg,0
666,strkid4361522217150001_pid436152221715_scimref.jpg,1
667,strkid4361522217150003_pid436152221715_scimref.jpg,0
668,strkid4361522222150001_pid436152222215_scimref.jpg,1
669,strkid4361522236150001_pid436152223615_scimref.jpg,0
670,strkid4361522237150002_pid436152223715_scimref.jpg,0
671,strkid4361522238150001_pid436152223815_scimref.jpg,0
672,strkid4361522242150001_pid436152224215_scimref.jpg,0
673,strkid4361522242150002_pid436152224215_scimref.jpg,0
674,strkid4361522243150001_pid436152224315_scimref.jpg,1
675,strkid4361522243150003_pid436152224315_scimref.jpg,0
676,strkid4361522243150005_pid436152224315_scimref.jpg,0
677,strkid4361522244150001_pid436152224415_scimref.jpg,1
678,strkid4361522246150001_pid436152224615_scimref.jpg,1
679,strkid4361522247150001_pid436152224715_scimref.jpg,0
680,strkid4361522248150002_pid436152224815_scimref.jpg,0
681,strkid4361522249150001_pid436152224915_scimref.jpg,0
682,strkid4361522249150002_pid436152224915_scimref.jpg,0
683,strkid4361522250150001_pid436152225015_scimref.jpg,0
684,strkid4361522250150003_pid436152225015_scimref.jpg,0
685,strkid4361522251150001_pid436152225115_scimref.jpg,0
686,strkid4361522253150001_pid436152225315_scimref.jpg,0
687,strkid4361522255150001_pid436152225515_scimref.jpg,1
688,strkid4361522259150001_pid436152225915_scimref.jpg,0
689,strkid4361522262150001_pid436152226215_scimref.jpg,0
690,strkid4361526701150001_pid436152670115_scimref.jpg,1
691,strkid4361526702150001_pid436152670215_scimref.jpg,0
692,strkid4361526703150001_pid436152670315_scimref.jpg,0
693,strkid4361526706150001_pid436152670615_scimref.jpg,0
694,strkid4361526709150001_pid436152670915_scimref.jpg,0
695,strkid4361526719150001_pid436152671915_scimref.jpg,0
696,strkid4361526722150001_pid436152672215_scimref.jpg,0
697,strkid4361526740150001_pid436152674015_scimref.jpg,0
698,strkid4361526746150002_pid436152674615_scimref.jpg,1
699,strkid4361526748150001_pid436152674815_scimref.jpg,1
700,strkid4361526749150001_pid436152674915_scimref.jpg,1
701,strkid4361526753150001_pid436152675315_scimref.jpg,0
702,strkid4361526753150002_pid436152675315_scimref.jpg,0
703,strkid4361526755150001_pid436152675515_scimref.jpg,1
704,strkid4361531400150001_pid436153140015_scimref.jpg,0
705,strkid4361531401150001_pid436153140115_scimref.jpg,0
706,strkid4361531401150002_pid436153140115_scimref.jpg,0
707,strkid4361531401150003_pid436153140115_scimref.jpg,0
708,strkid4361531401150004_pid436153140115_scimref.jpg,0
709,strkid4361531401150005_pid436153140115_scimref.jpg,0
710,strkid4361531401150007_pid436153140115_scimref.jpg,0
711,strkid4361531403150001_pid436153140315_scimref.jpg,0
712,strkid4361531403150002_pid436153140315_scimref.jpg,0
713,strkid4361531403150004_pid436153140315_scimref.jpg,0
714,strkid4361531412150003_pid436153141215_scimref.jpg,1
715,strkid4361531412150005_pid436153141215_scimref.jpg,0
716,strkid4361531412150006_pid436153141215_scimref.jpg,1
717,strkid4361531412150007_pid436153141215_scimref.jpg,1
718,strkid4361531412150008_pid436153141215_scimref.jpg,1
719,strkid4361531412150010_pid436153141215_scimref.jpg,1
720,strkid4361531417150001_pid436153141715_scimref.jpg,0
721,strkid4361531424150001_pid436153142415_scimref.jpg,0
722,strkid4361531435150001_pid436153143515_scimref.jpg,0
723,strkid4361531438150001_pid436153143815_scimref.jpg,0
724,strkid4361531446150001_pid436153144615_scimref.jpg,0
725,strkid4361531446150003_pid436153144615_scimref.jpg,0
726,strkid4361531446150004_pid436153144615_scimref.jpg,0
727,strkid4361531448150001_pid436153144815_scimref.jpg,0
728,strkid4361531450150001_pid436153145015_scimref.jpg,1
729,strkid4361531450150004_pid436153145015_scimref.jpg,1
730,strkid4361531452150004_pid436153145215_scimref.jpg,0
731,strkid4361531457150001_pid436153145715_scimref.jpg,0
732,strkid4361531462150001_pid436153146215_scimref.jpg,0
733,strkid4361531462150002_pid436153146215_scimref.jpg,0
734,strkid4361531462150003_pid436153146215_scimref.jpg,0
735,strkid4361535902150001_pid436153590215_scimref.jpg,0
736,strkid4361535909150001_pid436153590915_scimref.jpg,0
737,strkid4361535909150002_pid436153590915_scimref.jpg,0
738,strkid4361535917150001_pid436153591715_scimref.jpg,1
739,strkid4361535917150002_pid436153591715_scimref.jpg,1
740,strkid4361535919150001_pid436153591915_scimref.jpg,0
741,strkid4361535919150002_pid436153591915_scimref.jpg,0
742,strkid4361535921150001_pid436153592115_scimref.jpg,0
743,strkid4361535929150001_pid436153592915_scimref.jpg,0
744,strkid4361535935150002_pid436153593515_scimref.jpg,0
745,strkid4361535937150001_pid436153593715_scimref.jpg,0
746,strkid4361535937150002_pid436153593715_scimref.jpg,0
747,strkid4361535938150003_pid436153593815_scimref.jpg,1
748,strkid4361535938150005_pid436153593815_scimref.jpg,1
749,strkid4361535938150007_pid436153593815_scimref.jpg,1
750,strkid4361535938150008_pid436153593815_scimref.jpg,1
751,strkid4361535938150014_pid436153593815_scimref.jpg,1
752,strkid4361535938150015_pid436153593815_scimref.jpg,1
753,strkid4361535938150016_pid436153593815_scimref.jpg,1
754,strkid4361535938150017_pid436153593815_scimref.jpg,1
755,strkid4361535938150018_pid436153593815_scimref.jpg,1
756,strkid4361535938150021_pid436153593815_scimref.jpg,1
757,strkid4361535938150022_pid436153593815_scimref.jpg,1
758,strkid4361535939150001_pid436153593915_scimref.jpg,0
759,strkid4361535939150002_pid436153593915_scimref.jpg,0
760,strkid4361535939150004_pid436153593915_scimref.jpg,1
761,strkid4361535939150005_pid436153593915_scimref.jpg,0
762,strkid4361535939150007_pid436153593915_scimref.jpg,0
763,strkid4361535939150010_pid436153593915_scimref.jpg,0
764,strkid4361535939150012_pid436153593915_scimref.jpg,0
765,strkid4361535939150017_pid436153593915_scimref.jpg,0
766,strkid4361535939150018_pid436153593915_scimref.jpg,0
767,strkid4361535939150019_pid436153593915_scimref.jpg,0
768,strkid4361535939150020_pid436153593915_scimref.jpg,0
769,strkid4361535943150001_pid436153594315_scimref.jpg,0
770,strkid4361535945150001_pid436153594515_scimref.jpg,1
771,strkid4361535945150002_pid436153594515_scimref.jpg,1
772,strkid4361535950150002_pid436153595015_scimref.jpg,1
773,strkid4361535951150001_pid436153595115_scimref.jpg,0
774,strkid4361535955150001_pid436153595515_scimref.jpg,0
775,strkid4361535955150002_pid436153595515_scimref.jpg,1
776,strkid4361535956150001_pid436153595615_scimref.jpg,0
777,strkid4361535956150002_pid436153595615_scimref.jpg,0
778,strkid4361535957150001_pid436153595715_scimref.jpg,0
779,strkid4361535957150002_pid436153595715_scimref.jpg,0
780,strkid4361535962150001_pid436153596215_scimref.jpg,1
781,strkid4361540600150002_pid436154060015_scimref.jpg,0
782,strkid4361540602150001_pid436154060215_scimref.jpg,0
783,strkid4361540605150001_pid436154060515_scimref.jpg,1
784,strkid4361540605150002_pid436154060515_scimref.jpg,1
785,strkid4361540606150001_pid436154060615_scimref.jpg,0
786,strkid4361540607150001_pid436154060715_scimref.jpg,1
787,strkid4361540612150001_pid436154061215_scimref.jpg,1
788,strkid4361540612150002_pid436154061215_scimref.jpg,1
789,strkid4361540619150001_pid436154061915_scimref.jpg,0
790,strkid4361540621150002_pid436154062115_scimref.jpg,1
791,strkid4361540621150003_pid436154062115_scimref.jpg,0
792,strkid4361540622150001_pid436154062215_scimref.jpg,0
793,strkid4361540625150001_pid436154062515_scimref.jpg,0
794,strkid4361540630150001_pid436154063015_scimref.jpg,1
795,strkid4361540632150002_pid436154063215_scimref.jpg,1
796,strkid4361540632150003_pid436154063215_scimref.jpg,1
797,strkid4361540632150004_pid436154063215_scimref.jpg,1
